usuario_id,nombre,ciudad
123e4567-e89b-12d3-a456-426614174000,Juan Gomez,Madrid
223e4567-e89b-12d3-a456-426614174001,Ana Lopez,Barcelona
323e4567-e89b-12d3-a456-426614174002,Carlos Ruiz,Valencia
423e4567-e89b-12d3-a456-426614174003,Laura Martin,Sevilla
523e4567-e89b-12d3-a456-426614174004,Maria Perez,Bilbao
623e4567-e89b-12d3-a456-426614174005,Pedro Sanchez,Zaragoza
723e4567-e89b-12d3-a456-426614174006,Lucia Torres,Malaga
823e4567-e89b-12d3-a456-426614174007,David Fernandez,Murcia
923e4567-e89b-12d3-a456-426614174008,Elena Romero,Palma
a23e4567-e89b-12d3-a456-426614174009,Manuel Jimenez,Las Palmas
b23e4567-e89b-12d3-a456-42661417400a,Isabel Morales,Alicante
c23e4567-e89b-12d3-a456-42661417400b,Francisco Ortiz,Cordoba
d23e4567-e89b-12d3-a456-42661417400c,Patricia Navarro,Valladolid
e23e4567-e89b-12d3-a456-42661417400d,Antonio Ramos,Vigo
f23e4567-e89b-12d3-a456-42661417400e,Sara Castro,Gijon
fa3e4567-e89b-12d3-a456-42661417400f,Raul Molina,L'Hospitalet
fb3e4567-e89b-12d3-a456-426614174010,Beatriz Suarez,Vitoria
fc3e4567-e89b-12d3-a456-426614174011,Alberto Ruiz,A Coruña
fd3e4567-e89b-12d3-a456-426614174012,Teresa Herrera,Granada
fe3e4567-e89b-12d3-a456-426614174013,Oscar Delgado,Elche
aa3e4567-e89b-12d3-a456-426614174014,Silvia Gil,Oviedo
ab3e4567-e89b-12d3-a456-426614174015,Victor Cano,Badalona
ac3e4567-e89b-12d3-a456-426614174016,Paula Sanz,Cartagena
ad3e4567-e89b-12d3-a456-426614174017,Diego Pardo,Terrassa
ae3e4567-e89b-12d3-a456-426614174018,Andrea Lozano,Jerez
af3e4567-e89b-12d3-a456-426614174019,Jose Luis Marin,Sabadell
ba3e4567-e89b-12d3-a456-42661417401a,Clara Ramos,Móstoles
bb3e4567-e89b-12d3-a456-42661417401b,Daniela Vega,Alcalá de Henares
bc3e4567-e89b-12d3-a456-42661417401c,Ignacio Peña,Leganés
bd3e4567-e89b-12d3-a456-42661417401d,Monica Rios,Donostia
be3e4567-e89b-12d3-a456-42661417401e,Adrian Bravo,Santander
bf3e4567-e89b-12d3-a456-42661417401f,Julia Ferrer,Almería
ca3e4567-e89b-12d3-a456-426614174020,Roberto Arias,Castellón
cb3e4567-e89b-12d3-a456-426614174021,Angela Dominguez,Burgos
cc3e4567-e89b-12d3-a456-426614174022,Enrique Soto,Albacete
cd3e4567-e89b-12d3-a456-426614174023,Elena Herrera,Sanlúcar la Mayor
ce3e4567-e89b-12d3-a456-426614174024,Manuel Gil,Almendralejo
cf3e4567-e89b-12d3-a456-426614174025,Noelia Aguado,Huelva
d03e4567-e89b-12d3-a456-426614174026,Guillermo Pina,Logroño
d13e4567-e89b-12d3-a456-426614174027,Raquel Soler,Badajoz
d23e4567-e89b-12d3-a456-426614174028,Esteban Lara,Tarragona
d33e4567-e89b-12d3-a456-426614174029,Ines Carrillo,Lleida
d43e4567-e89b-12d3-a456-42661417402a,Marcelo Vela,Marbella
d53e4567-e89b-12d3-a456-42661417402b,Carla Rubio,León
d63e4567-e89b-12d3-a456-42661417402c,Oscar Mendez,Cádiz
d73e4567-e89b-12d3-a456-42661417402d,Lucia Pardo,Jaén
d83e4567-e89b-12d3-a456-42661417402e,Juan Carlos Vera,Ourense
d93e4567-e89b-12d3-a456-42661417402f,Patricia Cano,Alcorcón
da3e4567-e89b-12d3-a456-426614174030,David Soria,Parla
db3e4567-e89b-12d3-a456-426614174031,Elena Pastor,San Sebastián de los Reyes
dc3e4567-e89b-12d3-a456-426614174032,Manuel Lozano,Alcobendas
dd3e4567-e89b-12d3-a456-426614174033,Isabel Ramos,Torrevieja
de3e4567-e89b-12d3-a456-426614174034,Francisco Peña,Pozuelo de Alarcón
df3e4567-e89b-12d3-a456-426614174035,Patricia Romero,Toledo
e03e4567-e89b-12d3-a456-426614174036,Antonio Navarro,Guadalajara
e13e4567-e89b-12d3-a456-426614174037,Sara Molina,San Fernando
e23e4567-e89b-12d3-a456-426614174038,Raul Suarez,Viladecans
e33e4567-e89b-12d3-a456-426614174039,Beatriz Ruiz,El Ejido
e43e4567-e89b-12d3-a456-42661417403a,Alberto Herrera,Majadahonda
e53e4567-e89b-12d3-a456-42661417403b,Teresa Delgado,Reus
e63e4567-e89b-12d3-a456-42661417403c,Oscar Gil,La Línea
e73e4567-e89b-12d3-a456-42661417403d,Silvia Cano,Manresa
e83e4567-e89b-12d3-a456-42661417403e,Victor Sanz,Roquetas de Mar
e93e4567-e89b-12d3-a456-42661417403f,Paula Ramos,Ceuta
ea3e4567-e89b-12d3-a456-426614174040,Diego Bravo,Melilla
eb3e4567-e89b-12d3-a456-426614174041,Andrea Ferrer,Sanlúcar
ec3e4567-e89b-12d3-a456-426614174042,Jose Luis Arias,Valdemoro
ed3e4567-e89b-12d3-a456-426614174043,Clara Dominguez,Chiclana
ee3e4567-e89b-12d3-a456-426614174044,Daniela Soto,Aranjuez
ef3e4567-e89b-12d3-a456-426614174045,Ignacio Vidal,Granollers
f03e4567-e89b-12d3-a456-426614174046,Monica Crespo,Motril
f13e4567-e89b-12d3-a456-426614174047,Adrian Aguado,Estepona
f23e4567-e89b-12d3-a456-426614174048,Julia Pina,Algeciras
f33e4567-e89b-12d3-a456-426614174049,Roberto Soler,San Vicente del Raspeig
f43e4567-e89b-12d3-a456-42661417404a,Angela Lara,La Laguna
f53e4567-e89b-12d3-a456-42661417404b,Enrique Carrillo,Cuenca
f63e4567-e89b-12d3-a456-42661417404c,Marina Vela,Collado Villalba
f73e4567-e89b-12d3-a456-42661417404d,Samuel Rubio,Irún
f83e4567-e89b-12d3-a456-42661417404e,Noelia Mendez,Alcoy
f93e4567-e89b-12d3-a456-42661417404f,Guillermo Pardo,Puertollano
fa3e4567-e89b-12d3-a456-426614174050,Raquel Vera,San Bartolomé de Tirajana
fb3e4567-e89b-12d3-a456-426614174051,Esteban Pastor,Orihuela
fc3e4567-e89b-12d3-a456-426614174052,Ines Lozano,Sanlúcar de Barrameda
fd3e4567-e89b-12d3-a456-426614174053,Marcelo Ramos,Antequera
fe3e4567-e89b-12d3-a456-426614174054,Carla Peña,Alcantarilla
ff3e4567-e89b-12d3-a456-426614174055,Oscar Romero,Yecla
a03e4567-e89b-12d3-a456-426614174056,Lucia Navarro,San Roque
a13e4567-e89b-12d3-a456-426614174057,Juan Carlos Molina,Don Benito
a23e4567-e89b-12d3-a456-426614174058,Patricia Suarez,Barakaldo
a33e4567-e89b-12d3-a456-426614174059,David Ruiz,Arrecife
a43e4567-e89b-12d3-a456-42661417405a,Elena Herrera,Sanlúcar la Mayor
a53e4567-e89b-12d3-a456-42661417405b,Manuel Gil,Almendralejo
a63e4567-e89b-12d3-a456-42661417405c,Pedro Gil,Albacete
a73e4567-e89b-12d3-a456-42661417405d,Lucia Suarez,Toledo
a83e4567-e89b-12d3-a456-42661417405e,Victor Ramos,Salamanca
a93e4567-e89b-12d3-a456-42661417405f,Paula Bravo,Segovia
aa3e4567-e89b-12d3-a456-426614174060,Antonio Pastor,Ávila
ab3e4567-e89b-12d3-a456-426614174061,Raquel Molina,León
ac3e4567-e89b-12d3-a456-426614174062,Esteban Vera,Teruel
ad3e4567-e89b-12d3-a456-426614174063,Ines Ramos,Cuenca
ae3e4567-e89b-12d3-a456-426614174064,Oscar Pastor,Guadalajara
af3e4567-e89b-12d3-a456-426614174065,Julia Suarez,Ceuta
